BYND,09-NOV-2020,Sep 2020,0.03,-0.28,-0.31,-1033.3
FWONK,05-NOV-2020,Sep 2020,-0.04,-0.41,-0.37,-925
NBIX,09-NOV-2020,Sep 2020,0.11,-0.62,-0.73,-663.6
HXL,19-OCT-2020,Sep 2020,0.07,-0.29,-0.36,-514.2
NEWR,05-NOV-2020,Sep 2020,0.02,-0.07,-0.09,-450
APLE,05-NOV-2020,Sep 2020,0.06,-0.18,-0.24,-400
CF,04-NOV-2020,Sep 2020,0.05,-0.13,-0.18,-360
PEGA,28-OCT-2020,Sep 2020,-0.08,-0.33,-0.25,-312.5
FSLY,28-OCT-2020,Sep 2020,-0.01,-0.04,-0.03,-300
OUT,04-NOV-2020,Sep 2020,0.12,-0.14,-0.26,-216.6
AMWL,12-NOV-2020,Sep 2020,-0.3,-0.92,-0.62,-206.6
SPLK,02-DEC-2020,Oct 2020,0.1,-0.07,-0.17,-170
ADT,05-NOV-2020,Sep 2020,0.13,-0.08,-0.21,-161.5
IONS,04-NOV-2020,Sep 2020,-0.09,-0.22,-0.13,-144.4
ESRT,28-OCT-2020,Sep 2020,0.13,-0.05,-0.18,-138.4
CONE,28-OCT-2020,Sep 2020,0.91,-0.32,-1.23,-135.1
EQC,28-OCT-2020,Sep 2020,0.03,-0.01,-0.04,-133.3
LNC,04-NOV-2020,Sep 2020,2.16,-0.72,-2.88,-133.3
ZNGA,04-NOV-2020,Sep 2020,0.09,-0.03,-0.12,-133.3
PEAK,02-NOV-2020,Sep 2020,0.39,-0.12,-0.51,-130.7
GH,05-NOV-2020,Sep 2020,-0.34,-0.78,-0.44,-129.4
PGRE,28-OCT-2020,Sep 2020,0.23,-0.04,-0.27,-117.3
WYNN,05-NOV-2020,Sep 2020,-3.32,-7.04,-3.72,-112
EXEL,05-NOV-2020,Sep 2020,-0.05,-0.1,-0.05,-100
LSXMK,05-NOV-2020,Sep 2020,0.41,0.03,-0.38,-92.6
SBAC,02-NOV-2020,Sep 2020,2.32,0.2,-2.12,-91.3
EPR,04-NOV-2020,Sep 2020,0.32,0.04,-0.28,-87.5
PLNT,05-NOV-2020,Sep 2020,0.11,0.02,-0.09,-81.8
INVH,28-OCT-2020,Sep 2020,0.31,0.06,-0.25,-80.6
COLD,05-NOV-2020,Sep 2020,0.29,0.06,-0.23,-79.3
REG,05-NOV-2020,Sep 2020,0.75,0.16,-0.59,-78.6
AMH,05-NOV-2020,Sep 2020,0.28,0.07,-0.21,-75
TREE,05-NOV-2020,Sep 2020,-0.15,-0.26,-0.11,-73.3
BRX,04-NOV-2020,Sep 2020,0.4,0.11,-0.29,-72.5
INCY,05-NOV-2020,Sep 2020,0.72,0.23,-0.49,-68
LNG,06-NOV-2020,Sep 2020,-0.57,-0.87,-0.3,-52.6
MSGS,09-NOV-2020,Sep 2020,-0.79,-1.18,-0.39,-49.3
STOR,05-NOV-2020,Sep 2020,0.45,0.23,-0.22,-48.8
LSI,05-NOV-2020,Sep 2020,0.99,0.52,-0.47,-47.4
VER,05-NOV-2020,Sep 2020,0.75,0.4,-0.35,-46.6
LBRDK,04-NOV-2020,Sep 2020,0.71,0.38,-0.33,-46.4
MIC,09-NOV-2020,Sep 2020,0.8,0.43,-0.37,-46.2
ACAD,04-NOV-2020,Sep 2020,-0.38,-0.54,-0.16,-42.1
PFG,26-OCT-2020,Sep 2020,1.47,0.85,-0.62,-42.1
PACW,14-OCT-2020,Sep 2020,0.63,0.38,-0.25,-39.6
MRNA,29-OCT-2020,Sep 2020,-0.43,-0.59,-0.16,-37.2
GBT,05-NOV-2020,Sep 2020,-0.72,-0.97,-0.25,-34.7
REXR,20-OCT-2020,Sep 2020,0.32,0.21,-0.11,-34.3
PSA,04-NOV-2020,Sep 2020,2.6,1.76,-0.84,-32.3
SRPT,05-NOV-2020,Sep 2020,-1.89,-2.5,-0.61,-32.2
GLPI,27-OCT-2020,Sep 2020,0.85,0.58,-0.27,-31.7
SABR,06-NOV-2020,Sep 2020,-0.63,-0.82,-0.19,-30.1
RNR,27-OCT-2020,Sep 2020,-2.03,-2.64,-0.61,-30
SIX,28-OCT-2020,Sep 2020,-1.06,-1.37,-0.31,-29.2
HCA,26-OCT-2020,Sep 2020,2.69,1.92,-0.77,-28.6
ENR,12-NOV-2020,Sep 2020,0.8,0.59,-0.21,-26.2
SPCE,05-NOV-2020,Sep 2020,-0.27,-0.34,-0.07,-25.9
WPC,30-OCT-2020,Sep 2020,1.14,0.85,-0.29,-25.4
HWM,09-NOV-2020,Sep 2020,0.04,0.03,-0.01,-25
USFD,02-NOV-2020,Sep 2020,0.2,0.15,-0.05,-25
ALNY,05-NOV-2020,Sep 2020,-1.75,-2.18,-0.43,-24.5
BKNG,05-NOV-2020,Sep 2020,15.98,12.27,-3.71,-23.2
COLM,29-OCT-2020,Sep 2020,1.22,0.94,-0.28,-22.9
AGR,20-OCT-2020,Sep 2020,0.41,0.32,-0.09,-21.9
POST,19-NOV-2020,Sep 2020,0.74,0.58,-0.16,-21.6
OXY,09-NOV-2020,Sep 2020,-0.7,-0.84,-0.14,-20
XLRN,05-NOV-2020,Sep 2020,-0.55,-0.66,-0.11,-20
BEN,27-OCT-2020,Sep 2020,0.69,0.56,-0.13,-18.8
PK,05-NOV-2020,Sep 2020,-0.53,-0.63,-0.1,-18.8
RPRX,10-NOV-2020,Sep 2020,0.59,0.48,-0.11,-18.6
H,04-NOV-2020,Sep 2020,-1.25,-1.48,-0.23,-18.4
NFLX,20-OCT-2020,Sep 2020,2.13,1.74,-0.39,-18.3
HRB,08-DEC-2020,Oct 2020,-0.93,-1.09,-0.16,-17.2
SPOT,29-OCT-2020,Sep 2020,-0.58,-0.68,-0.1,-17.2
TFSL,29-OCT-2020,Sep 2020,0.06,0.05,-0.01,-16.6
VOYA,04-NOV-2020,Sep 2020,1.41,1.19,-0.22,-15.6
LVS,21-OCT-2020,Sep 2020,-0.58,-0.67,-0.09,-15.5
LYV,05-NOV-2020,Sep 2020,-2.12,-2.45,-0.33,-15.5
MSA,28-OCT-2020,Sep 2020,1.1,0.94,-0.16,-14.5
RCL,29-OCT-2020,Sep 2020,-4.92,-5.62,-0.7,-14.2
SMG,04-NOV-2020,Sep 2020,0.07,0.06,-0.01,-14.2
RE,29-OCT-2020,Sep 2020,2.81,2.42,-0.39,-13.8
GPS,24-NOV-2020,Oct 2020,0.29,0.25,-0.04,-13.7
MCY,03-NOV-2020,Sep 2020,1.42,1.23,-0.19,-13.3
SYF,20-OCT-2020,Sep 2020,0.83,0.72,-0.11,-13.2
ALK,22-OCT-2020,Sep 2020,-2.86,-3.23,-0.37,-12.9
ARMK,17-NOV-2020,Sep 2020,-0.31,-0.35,-0.04,-12.9
LLY,27-OCT-2020,Sep 2020,1.76,1.54,-0.22,-12.5
TNDM,05-NOV-2020,Sep 2020,-0.08,-0.09,-0.01,-12.5
PCG,29-OCT-2020,Sep 2020,0.25,0.22,-0.03,-12
WTRG,03-NOV-2020,Sep 2020,0.26,0.23,-0.03,-11.5
SRE,05-NOV-2020,Sep 2020,1.47,1.31,-0.16,-10.8
DPZ,08-OCT-2020,Sep 2020,2.75,2.49,-0.26,-9.4
WEX,29-OCT-2020,Sep 2020,1.75,1.59,-0.16,-9.1
NRZ,26-OCT-2020,Sep 2020,0.34,0.31,-0.03,-8.8
SPG,09-NOV-2020,Sep 2020,2.25,2.05,-0.2,-8.8
CHH,05-NOV-2020,Sep 2020,0.72,0.66,-0.06,-8.3
VNO,02-NOV-2020,Sep 2020,0.64,0.59,-0.05,-7.8
UNM,27-OCT-2020,Sep 2020,1.31,1.21,-0.1,-7.6
CB,27-OCT-2020,Sep 2020,2.16,2,-0.16,-7.4
SEIC,21-OCT-2020,Sep 2020,0.81,0.75,-0.06,-7.4
DEI,02-NOV-2020,Sep 2020,0.43,0.4,-0.03,-6.9
UAL,14-OCT-2020,Sep 2020,-7.63,-8.16,-0.53,-6.9
AXP,23-OCT-2020,Sep 2020,1.39,1.3,-0.09,-6.4
JBHT,16-OCT-2020,Sep 2020,1.26,1.18,-0.08,-6.3
CIEN,10-DEC-2020,Oct 2020,0.64,0.6,-0.04,-6.2
PPD,27-OCT-2020,Sep 2020,0.32,0.3,-0.02,-6.2
EQR,27-OCT-2020,Sep 2020,0.82,0.77,-0.05,-6.1
NNN,02-NOV-2020,Sep 2020,0.66,0.62,-0.04,-6
NTRS,21-OCT-2020,Sep 2020,1.4,1.32,-0.08,-5.7
SBNY,20-OCT-2020,Sep 2020,2.78,2.62,-0.16,-5.7
PXD,04-NOV-2020,Sep 2020,0.18,0.17,-0.01,-5.5
MSP,23-NOV-2020,Sep 2020,0.19,0.18,-0.01,-5.2
DAL,13-OCT-2020,Sep 2020,-3.14,-3.3,-0.16,-5.1
NCLH,09-NOV-2020,Sep 2020,-2.24,-2.35,-0.11,-4.9
PPL,05-NOV-2020,Sep 2020,0.61,0.58,-0.03,-4.9
CINF,26-OCT-2020,Sep 2020,0.41,0.39,-0.02,-4.8
AVB,28-OCT-2020,Sep 2020,2.16,2.06,-0.1,-4.6
OGE,05-NOV-2020,Sep 2020,1.09,1.04,-0.05,-4.5
BXP,27-OCT-2020,Sep 2020,1.64,1.57,-0.07,-4.2
VMC,05-NOV-2020,Sep 2020,1.63,1.56,-0.07,-4.2
APO,29-OCT-2020,Sep 2020,0.49,0.47,-0.02,-4
KIM,05-NOV-2020,Sep 2020,0.26,0.25,-0.01,-3.8
BAC,14-OCT-2020,Sep 2020,0.53,0.51,-0.02,-3.7
MTCH,04-NOV-2020,Sep 2020,0.57,0.55,-0.02,-3.5
O,02-NOV-2020,Sep 2020,0.84,0.81,-0.03,-3.5
IFF,09-NOV-2020,Sep 2020,1.45,1.4,-0.05,-3.4
COP,29-OCT-2020,Sep 2020,-0.3,-0.31,-0.01,-3.3
UBER,05-NOV-2020,Sep 2020,-0.6,-0.62,-0.02,-3.3
IAC,05-NOV-2020,Sep 2020,-0.61,-0.63,-0.02,-3.2
MA,28-OCT-2020,Sep 2020,1.65,1.6,-0.05,-3
FAF,22-OCT-2020,Sep 2020,1.35,1.31,-0.04,-2.9
CFG,16-OCT-2020,Sep 2020,0.7,0.68,-0.02,-2.8
MCFE,19-NOV-2020,Sep 2020,0.35,0.34,-0.01,-2.8
CPA,18-NOV-2020,Sep 2020,-2.79,-2.86,-0.07,-2.5
ACN,24-SEP-2020,Aug 2020,1.74,1.7,-0.04,-2.3
AES,06-NOV-2020,Sep 2020,0.43,0.42,-0.01,-2.3
HIW,27-OCT-2020,Sep 2020,0.88,0.86,-0.02,-2.2
HPP,29-OCT-2020,Sep 2020,0.44,0.43,-0.01,-2.2
HRL,24-NOV-2020,Oct 2020,0.44,0.43,-0.01,-2.2
JNPR,27-OCT-2020,Sep 2020,0.44,0.43,-0.01,-2.2
KMB,22-OCT-2020,Sep 2020,1.76,1.72,-0.04,-2.2
AGIO,05-NOV-2020,Sep 2020,-1.4,-1.43,-0.03,-2.1
CME,28-OCT-2020,Sep 2020,1.41,1.38,-0.03,-2.1
ED,05-NOV-2020,Sep 2020,1.51,1.48,-0.03,-1.9
APD,11-NOV-2020,Sep 2020,2.23,2.19,-0.04,-1.7
SO,29-OCT-2020,Sep 2020,1.24,1.22,-0.02,-1.6
T,22-OCT-2020,Sep 2020,0.77,0.76,-0.01,-1.3
LYFT,10-NOV-2020,Sep 2020,-0.89,-0.9,-0.01,-1.1
MTN,10-DEC-2020,Oct 2020,-3.59,-3.63,-0.04,-1.1
AL,09-NOV-2020,Sep 2020,1.03,1.02,-0.01,-0.9
ES,03-NOV-2020,Sep 2020,1.02,1.01,-0.01,-0.9
UNP,22-OCT-2020,Sep 2020,2.03,2.01,-0.02,-0.9
GL,21-OCT-2020,Sep 2020,1.76,1.75,-0.01,-0.5
ESS,28-OCT-2020,Sep 2020,3.16,3.15,-0.01,-0.3
ARE,26-OCT-2020,Sep 2020,1.83,1.83,0,0
BKR,21-OCT-2020,Sep 2020,0.04,0.04,0,0
FIS,29-OCT-2020,Sep 2020,1.42,1.42,0,0
FTDR,04-NOV-2020,Sep 2020,0.59,0.59,0,0
HES,28-OCT-2020,Sep 2020,-0.71,-0.71,0,0
IBKR,20-OCT-2020,Sep 2020,0.53,0.53,0,0
KMI,21-OCT-2020,Sep 2020,0.21,0.21,0,0
MDLZ,02-NOV-2020,Sep 2020,0.63,0.63,0,0
MRO,04-NOV-2020,Sep 2020,-0.28,-0.28,0,0
MRVL,03-DEC-2020,Oct 2020,0.25,0.25,0,0
NYCB,28-OCT-2020,Sep 2020,0.23,0.23,0,0
OSH,09-NOV-2020,Sep 2020,-0.15,-0.15,0,0
SIRI,22-OCT-2020,Sep 2020,0.06,0.06,0,0
SNDR,29-OCT-2020,Sep 2020,0.31,0.31,0,0
TXG,10-NOV-2020,Sep 2020,-0.33,-0.33,0,0
UDR,29-OCT-2020,Sep 2020,0.5,0.5,0,0
WMB,02-NOV-2020,Sep 2020,0.27,0.27,0,0
LOW,18-NOV-2020,Oct 2020,1.97,1.98,0.01,0.5
PPG,19-OCT-2020,Sep 2020,1.92,1.93,0.01,0.5
AEP,22-OCT-2020,Sep 2020,1.46,1.47,0.01,0.6
CCI,21-OCT-2020,Sep 2020,1.55,1.56,0.01,0.6
MPWR,29-OCT-2020,Sep 2020,1.68,1.69,0.01,0.6
SNPS,02-DEC-2020,Oct 2020,1.57,1.58,0.01,0.6
TROW,29-OCT-2020,Sep 2020,2.53,2.55,0.02,0.7
ETR,28-OCT-2020,Sep 2020,2.42,2.44,0.02,0.8
INTC,22-OCT-2020,Sep 2020,1.1,1.11,0.01,0.9
NRG,05-NOV-2020,Sep 2020,1.01,1.02,0.01,0.9
ABC,05-NOV-2020,Sep 2020,1.87,1.89,0.02,1
CHRW,27-OCT-2020,Sep 2020,0.99,1,0.01,1
PEG,30-OCT-2020,Sep 2020,0.95,0.96,0.01,1
IBM,19-OCT-2020,Sep 2020,2.55,2.58,0.03,1.1
AON,30-OCT-2020,Sep 2020,1.51,1.53,0.02,1.3
CCL,08-OCT-2020,Aug 2020,-2.22,-2.19,0.03,1.3
MKC,29-SEP-2020,Aug 2020,0.76,0.77,0.01,1.3
AAL,22-OCT-2020,Sep 2020,-5.62,-5.54,0.08,1.4
AVGO,10-DEC-2020,Oct 2020,6.26,6.35,0.09,1.4
CERN,28-OCT-2020,Sep 2020,0.71,0.72,0.01,1.4
IDA,29-OCT-2020,Sep 2020,1.99,2.02,0.03,1.5
NEE,21-OCT-2020,Sep 2020,0.66,0.67,0.01,1.5
COO,03-DEC-2020,Oct 2020,3.11,3.16,0.05,1.6
GLOB,12-NOV-2020,Sep 2020,0.59,0.6,0.01,1.6
TCF,26-OCT-2020,Sep 2020,0.62,0.63,0.01,1.6
GD,28-OCT-2020,Sep 2020,2.85,2.9,0.05,1.7
LOPE,05-NOV-2020,Sep 2020,1.12,1.14,0.02,1.7
FRT,05-NOV-2020,Sep 2020,1.1,1.12,0.02,1.8
MGM,29-OCT-2020,Sep 2020,-1.1,-1.08,0.02,1.8
ATO,11-NOV-2020,Sep 2020,0.52,0.53,0.01,1.9
AEE,04-NOV-2020,Sep 2020,1.44,1.47,0.03,2
BK,16-OCT-2020,Sep 2020,0.96,0.98,0.02,2
FFIV,26-OCT-2020,Sep 2020,2.38,2.43,0.05,2.1
STT,16-OCT-2020,Sep 2020,1.42,1.45,0.03,2.1
PLD,20-OCT-2020,Sep 2020,0.88,0.9,0.02,2.2
HTA,03-NOV-2020,Sep 2020,0.42,0.43,0.01,2.3
IPHI,29-OCT-2020,Sep 2020,0.86,0.88,0.02,2.3
MKTX,27-OCT-2020,Sep 2020,1.74,1.78,0.04,2.3
NLSN,02-NOV-2020,Sep 2020,0.42,0.43,0.01,2.3
CABO,05-NOV-2020,Sep 2020,10.7,10.96,0.26,2.4
VZ,21-OCT-2020,Sep 2020,1.22,1.25,0.03,2.4
CFX,29-OCT-2020,Sep 2020,0.4,0.41,0.01,2.5
DRE,28-OCT-2020,Sep 2020,0.39,0.4,0.01,2.5
OHI,29-OCT-2020,Sep 2020,0.8,0.82,0.02,2.5
RGLD,04-NOV-2020,Sep 2020,0.8,0.82,0.02,2.5
MAA,28-OCT-2020,Sep 2020,1.53,1.57,0.04,2.6
FAST,13-OCT-2020,Sep 2020,0.37,0.38,0.01,2.7
V,28-OCT-2020,Sep 2020,1.09,1.12,0.03,2.7
PFE,27-OCT-2020,Sep 2020,0.7,0.72,0.02,2.8
ABBV,30-OCT-2020,Sep 2020,2.75,2.83,0.08,2.9
CUZ,28-OCT-2020,Sep 2020,0.67,0.69,0.02,2.9
LMT,20-OCT-2020,Sep 2020,6.07,6.25,0.18,2.9
PNW,30-OCT-2020,Sep 2020,2.98,3.07,0.09,3
COR,29-OCT-2020,Sep 2020,1.29,1.33,0.04,3.1
MNST,05-NOV-2020,Sep 2020,0.63,0.65,0.02,3.1
CSX,21-OCT-2020,Sep 2020,0.93,0.96,0.03,3.2
HD,17-NOV-2020,Oct 2020,3.08,3.18,0.1,3.2
DOX,10-NOV-2020,Sep 2020,1.19,1.23,0.04,3.3
TDY,21-OCT-2020,Sep 2020,2.4,2.48,0.08,3.3
CLGX,22-OCT-2020,Sep 2020,1.17,1.21,0.04,3.4
JBGS,03-NOV-2020,Sep 2020,0.29,0.3,0.01,3.4
K,29-OCT-2020,Sep 2020,0.88,0.91,0.03,3.4
MO,30-OCT-2020,Sep 2020,1.15,1.19,0.04,3.4
TW,28-OCT-2020,Sep 2020,0.29,0.3,0.01,3.4
ADPT,10-NOV-2020,Sep 2020,-0.28,-0.27,0.01,3.5
ERIE,29-OCT-2020,Sep 2020,1.65,1.71,0.06,3.6
GPN,29-OCT-2020,Sep 2020,1.65,1.71,0.06,3.6
CBOE,30-OCT-2020,Sep 2020,1.07,1.11,0.04,3.7
CI,05-NOV-2020,Sep 2020,4.25,4.41,0.16,3.7
WELL,28-OCT-2020,Sep 2020,0.81,0.84,0.03,3.7
OFC,29-OCT-2020,Sep 2020,0.52,0.54,0.02,3.8
ANTM,28-OCT-2020,Sep 2020,4.04,4.2,0.16,3.9
NDSN,15-DEC-2020,Oct 2020,1.53,1.59,0.06,3.9
WLTW,29-OCT-2020,Sep 2020,1.28,1.33,0.05,3.9
BKI,09-NOV-2020,Sep 2020,0.5,0.52,0.02,4
DLR,29-OCT-2020,Sep 2020,1.48,1.54,0.06,4
EHC,28-OCT-2020,Sep 2020,0.75,0.78,0.03,4
ICE,29-OCT-2020,Sep 2020,0.99,1.03,0.04,4
AIV,29-OCT-2020,Sep 2020,0.73,0.76,0.03,4.1
JCI,03-NOV-2020,Sep 2020,0.73,0.76,0.03,4.1
VTR,06-NOV-2020,Sep 2020,0.72,0.75,0.03,4.1
BLUE,04-NOV-2020,Sep 2020,-3.07,-2.94,0.13,4.2
KRC,28-OCT-2020,Sep 2020,0.95,0.99,0.04,4.2
KSU,16-OCT-2020,Sep 2020,1.88,1.96,0.08,4.2
FISV,27-OCT-2020,Sep 2020,1.15,1.2,0.05,4.3
SRC,02-NOV-2020,Sep 2020,0.69,0.72,0.03,4.3
CHD,29-OCT-2020,Sep 2020,0.67,0.7,0.03,4.4
DUK,05-NOV-2020,Sep 2020,1.79,1.87,0.08,4.4
LHX,30-OCT-2020,Sep 2020,2.72,2.84,0.12,4.4
PM,20-OCT-2020,Sep 2020,1.36,1.42,0.06,4.4
MOS,02-NOV-2020,Sep 2020,0.22,0.23,0.01,4.5
HEI,21-DEC-2020,Oct 2020,0.43,0.45,0.02,4.6
HON,30-OCT-2020,Sep 2020,1.49,1.56,0.07,4.7
EVRG,05-NOV-2020,Sep 2020,1.65,1.73,0.08,4.8
MET,04-NOV-2020,Sep 2020,1.65,1.73,0.08,4.8
WRB,20-OCT-2020,Sep 2020,0.62,0.65,0.03,4.8
FE,02-NOV-2020,Sep 2020,0.8,0.84,0.04,5
NVR,20-OCT-2020,Sep 2020,62.01,65.11,3.1,5
MPW,29-OCT-2020,Sep 2020,0.39,0.41,0.02,5.1
NOC,22-OCT-2020,Sep 2020,5.6,5.89,0.29,5.1
ACM,16-NOV-2020,Sep 2020,0.57,0.6,0.03,5.2
FLT,05-NOV-2020,Sep 2020,2.66,2.8,0.14,5.2
MTB,22-OCT-2020,Sep 2020,2.63,2.77,0.14,5.3
ROP,27-OCT-2020,Sep 2020,3.01,3.17,0.16,5.3
KDP,29-OCT-2020,Sep 2020,0.37,0.39,0.02,5.4
QGEN,27-OCT-2020,Sep 2020,0.55,0.58,0.03,5.4
ECL,27-OCT-2020,Sep 2020,1.09,1.15,0.06,5.5
NDAQ,21-OCT-2020,Sep 2020,1.45,1.53,0.08,5.5
WAB,29-OCT-2020,Sep 2020,0.9,0.95,0.05,5.5
XEL,29-OCT-2020,Sep 2020,1.08,1.14,0.06,5.5
EXR,04-NOV-2020,Sep 2020,1.24,1.31,0.07,5.6
LNT,02-NOV-2020,Sep 2020,0.89,0.94,0.05,5.6
ROK,10-NOV-2020,Sep 2020,1.77,1.87,0.1,5.6
ELS,19-OCT-2020,Sep 2020,0.52,0.55,0.03,5.7
AAPL,29-OCT-2020,Sep 2020,0.69,0.73,0.04,5.8
AWK,04-NOV-2020,Sep 2020,1.38,1.46,0.08,5.8
SAIC,03-DEC-2020,Oct 2020,1.53,1.62,0.09,5.8
WM,02-NOV-2020,Sep 2020,1.03,1.09,0.06,5.8
CPT,29-OCT-2020,Sep 2020,1.18,1.25,0.07,5.9
SHW,27-OCT-2020,Sep 2020,2.6,2.76,0.16,6.1
SON,22-OCT-2020,Sep 2020,0.81,0.86,0.05,6.1
CNP,05-NOV-2020,Sep 2020,0.32,0.34,0.02,6.2
WBA,15-OCT-2020,Aug 2020,0.96,1.02,0.06,6.2
AME,29-OCT-2020,Sep 2020,0.95,1.01,0.06,6.3
ENTG,22-OCT-2020,Sep 2020,0.63,0.67,0.04,6.3
NSC,28-OCT-2020,Sep 2020,2.36,2.51,0.15,6.3
STWD,05-NOV-2020,Sep 2020,0.47,0.5,0.03,6.3
TER,20-OCT-2020,Sep 2020,1.11,1.18,0.07,6.3
USB,14-OCT-2020,Sep 2020,0.93,0.99,0.06,6.4
AKAM,27-OCT-2020,Sep 2020,1.23,1.31,0.08,6.5
FR,21-OCT-2020,Sep 2020,0.46,0.49,0.03,6.5
TRU,27-OCT-2020,Sep 2020,0.76,0.81,0.05,6.5
ACC,26-OCT-2020,Sep 2020,0.3,0.32,0.02,6.6
AMCR,05-NOV-2020,Sep 2020,0.15,0.16,0.01,6.6
DCI,03-DEC-2020,Oct 2020,0.45,0.48,0.03,6.6
SJM,24-NOV-2020,Oct 2020,2.24,2.39,0.15,6.7
AAP,10-NOV-2020,Sep 2020,2.63,2.81,0.18,6.8
AMAT,12-NOV-2020,Oct 2020,1.17,1.25,0.08,6.8
FTV,27-OCT-2020,Sep 2020,0.88,0.94,0.06,6.8
PB,28-OCT-2020,Sep 2020,1.31,1.4,0.09,6.8
EQH,04-NOV-2020,Sep 2020,1.16,1.24,0.08,6.9
ETRN,03-NOV-2020,Sep 2020,0.29,0.31,0.02,6.9
JAZZ,02-NOV-2020,Sep 2020,4.03,4.31,0.28,6.9
ADBE,15-SEP-2020,Aug 2020,2.4,2.57,0.17,7
CSCO,12-NOV-2020,Oct 2020,0.71,0.76,0.05,7
MMM,27-OCT-2020,Sep 2020,2.27,2.43,0.16,7
CTVA,04-NOV-2020,Sep 2020,-0.42,-0.39,0.03,7.1
AMT,29-OCT-2020,Sep 2020,2.08,2.23,0.15,7.2
TRV,20-OCT-2020,Sep 2020,2.91,3.12,0.21,7.2
CUBE,05-NOV-2020,Sep 2020,0.41,0.44,0.03,7.3
WRK,05-NOV-2020,Sep 2020,0.68,0.73,0.05,7.3
EQIX,28-OCT-2020,Sep 2020,6.03,6.48,0.45,7.4
HP,19-NOV-2020,Sep 2020,-0.8,-0.74,0.06,7.5
KR,03-DEC-2020,Oct 2020,0.66,0.71,0.05,7.5
A,23-NOV-2020,Oct 2020,0.91,0.98,0.07,7.6
HUM,03-NOV-2020,Sep 2020,2.86,3.08,0.22,7.6
RETA,09-NOV-2020,Sep 2020,-2.1,-1.94,0.16,7.6
CTSH,28-OCT-2020,Sep 2020,0.9,0.97,0.07,7.7
TREX,02-NOV-2020,Sep 2020,0.38,0.41,0.03,7.8
XLNX,21-OCT-2020,Sep 2020,0.76,0.82,0.06,7.8
ANSS,04-NOV-2020,Sep 2020,1.26,1.36,0.1,7.9
BOH,26-OCT-2020,Sep 2020,0.88,0.95,0.07,7.9
IQV,20-OCT-2020,Sep 2020,1.51,1.63,0.12,7.9
SPGI,27-OCT-2020,Sep 2020,2.64,2.85,0.21,7.9
D,05-NOV-2020,Sep 2020,1,1.08,0.08,8
HBAN,22-OCT-2020,Sep 2020,0.25,0.27,0.02,8
MU,29-SEP-2020,Aug 2020,1,1.08,0.08,8
OMC,27-OCT-2020,Sep 2020,1.12,1.21,0.09,8
VIRT,06-NOV-2020,Sep 2020,0.75,0.81,0.06,8
ORCL,10-SEP-2020,Aug 2020,0.86,0.93,0.07,8.1
SWK,27-OCT-2020,Sep 2020,2.67,2.89,0.22,8.2
ELAN,06-NOV-2020,Sep 2020,0.12,0.13,0.01,8.3
HRC,06-NOV-2020,Sep 2020,1.08,1.17,0.09,8.3
JBLU,27-OCT-2020,Sep 2020,-1.91,-1.75,0.16,8.3
RNG,09-NOV-2020,Sep 2020,0.24,0.26,0.02,8.3
ANET,02-NOV-2020,Sep 2020,2.23,2.42,0.19,8.5
MRCY,03-NOV-2020,Sep 2020,0.47,0.51,0.04,8.5
SCHW,15-OCT-2020,Sep 2020,0.47,0.51,0.04,8.5
STLD,19-OCT-2020,Sep 2020,0.47,0.51,0.04,8.5
CSGP,27-OCT-2020,Sep 2020,2.08,2.26,0.18,8.6
EXP,29-OCT-2020,Sep 2020,1.86,2.02,0.16,8.6
ULTA,03-DEC-2020,Oct 2020,1.51,1.64,0.13,8.6
AM,28-OCT-2020,Sep 2020,0.23,0.25,0.02,8.7
HSY,06-NOV-2020,Sep 2020,1.71,1.86,0.15,8.7
WBS,22-OCT-2020,Sep 2020,0.69,0.75,0.06,8.7
ABT,21-OCT-2020,Sep 2020,0.9,0.98,0.08,8.8
AMP,28-OCT-2020,Sep 2020,1.35,1.47,0.12,8.8
HPE,01-DEC-2020,Oct 2020,0.34,0.37,0.03,8.8
NEM,29-OCT-2020,Sep 2020,0.79,0.86,0.07,8.8
ADI,24-NOV-2020,Oct 2020,1.32,1.44,0.12,9
ARD,22-OCT-2020,Sep 2020,0.44,0.48,0.04,9
DNB,05-NOV-2020,Sep 2020,0.22,0.24,0.02,9
NLOK,05-NOV-2020,Sep 2020,0.33,0.36,0.03,9
NUS,04-NOV-2020,Sep 2020,0.99,1.08,0.09,9
VRSK,04-NOV-2020,Sep 2020,1.21,1.32,0.11,9
WSO,22-OCT-2020,Sep 2020,2.53,2.76,0.23,9
LIN,05-NOV-2020,Sep 2020,1.97,2.15,0.18,9.1
CMG,21-OCT-2020,Sep 2020,3.44,3.76,0.32,9.3
ADSK,24-NOV-2020,Oct 2020,0.95,1.04,0.09,9.4
BMY,05-NOV-2020,Sep 2020,1.49,1.63,0.14,9.4
GWW,22-OCT-2020,Sep 2020,4.13,4.52,0.39,9.4
SLGN,21-OCT-2020,Sep 2020,0.95,1.04,0.09,9.4
BIIB,21-OCT-2020,Sep 2020,8.06,8.84,0.78,9.6
LRCX,21-OCT-2020,Sep 2020,5.17,5.67,0.5,9.6
MKSI,27-OCT-2020,Sep 2020,1.76,1.93,0.17,9.6
VIAC,06-NOV-2020,Sep 2020,0.83,0.91,0.08,9.6
COST,24-SEP-2020,Aug 2020,2.85,3.13,0.28,9.8
MCHP,05-NOV-2020,Sep 2020,1.42,1.56,0.14,9.8
REYN,11-NOV-2020,Sep 2020,0.51,0.56,0.05,9.8
THG,27-OCT-2020,Sep 2020,2.24,2.46,0.22,9.8
FMC,02-NOV-2020,Sep 2020,1.11,1.22,0.11,9.9
STZ,01-OCT-2020,Aug 2020,2.51,2.76,0.25,9.9
ESI,27-OCT-2020,Sep 2020,0.2,0.22,0.02,10
PD,03-DEC-2020,Oct 2020,-0.1,-0.09,0.01,10
SSNC,28-OCT-2020,Sep 2020,1,1.1,0.1,10
WRI,29-OCT-2020,Sep 2020,0.4,0.44,0.04,10
GPC,22-OCT-2020,Sep 2020,1.48,1.63,0.15,10.1
KLAC,28-OCT-2020,Sep 2020,2.75,3.03,0.28,10.1
TFC,15-OCT-2020,Sep 2020,0.88,0.97,0.09,10.2
IVZ,27-OCT-2020,Sep 2020,0.48,0.53,0.05,10.4
VRTX,29-OCT-2020,Sep 2020,2.39,2.64,0.25,10.4
JNJ,13-OCT-2020,Sep 2020,1.99,2.2,0.21,10.5
WEC,03-NOV-2020,Sep 2020,0.76,0.84,0.08,10.5
PGR,14-OCT-2020,Sep 2020,1.69,1.87,0.18,10.6
PRGO,04-NOV-2020,Sep 2020,0.84,0.93,0.09,10.7
MMC,29-OCT-2020,Sep 2020,0.74,0.82,0.08,10.8
MSI,29-OCT-2020,Sep 2020,1.76,1.95,0.19,10.8
ATVI,29-OCT-2020,Sep 2020,0.64,0.71,0.07,10.9
IRM,05-NOV-2020,Sep 2020,0.55,0.61,0.06,10.9
KEYS,18-NOV-2020,Oct 2020,1.46,1.62,0.16,10.9
CG,29-OCT-2020,Sep 2020,0.36,0.4,0.04,11.1
KHC,29-OCT-2020,Sep 2020,0.63,0.7,0.07,11.1
TEAM,29-OCT-2020,Sep 2020,0.27,0.3,0.03,11.1
TWOU,27-OCT-2020,Sep 2020,-0.27,-0.24,0.03,11.1
JKHY,04-NOV-2020,Sep 2020,1.07,1.19,0.12,11.2
AXS,28-OCT-2020,Sep 2020,-0.87,-0.77,0.1,11.4
CSL,20-OCT-2020,Sep 2020,1.74,1.94,0.2,11.4
INFO,29-SEP-2020,Aug 2020,0.69,0.77,0.08,11.5
ORLY,28-OCT-2020,Sep 2020,6.34,7.07,0.73,11.5
BDX,05-NOV-2020,Sep 2020,2.5,2.79,0.29,11.6
RHI,22-OCT-2020,Sep 2020,0.6,0.67,0.07,11.6
SAGE,05-NOV-2020,Sep 2020,-2.3,-2.03,0.27,11.7
WEN,04-NOV-2020,Sep 2020,0.17,0.19,0.02,11.7
EBAY,28-OCT-2020,Sep 2020,0.76,0.85,0.09,11.8
LAMR,05-NOV-2020,Sep 2020,1.18,1.32,0.14,11.8
SUI,21-OCT-2020,Sep 2020,1.43,1.6,0.17,11.8
BAH,30-OCT-2020,Sep 2020,0.92,1.03,0.11,11.9
TYL,04-NOV-2020,Sep 2020,1.34,1.5,0.16,11.9
CPB,09-DEC-2020,Oct 2020,0.91,1.02,0.11,12
G,02-NOV-2020,Sep 2020,0.5,0.56,0.06,12
GRA,28-OCT-2020,Sep 2020,0.5,0.56,0.06,12
OLLI,03-DEC-2020,Oct 2020,0.58,0.65,0.07,12
EMN,29-OCT-2020,Sep 2020,1.4,1.57,0.17,12.1
PEP,01-OCT-2020,Sep 2020,1.48,1.66,0.18,12.1
CTXS,22-OCT-2020,Sep 2020,1.23,1.38,0.15,12.2
EPAM,05-NOV-2020,Sep 2020,1.47,1.65,0.18,12.2
FBHS,28-OCT-2020,Sep 2020,1.06,1.19,0.13,12.2
ETN,03-NOV-2020,Sep 2020,1.05,1.18,0.13,12.3
FCN,29-OCT-2020,Sep 2020,1.37,1.54,0.17,12.4
HAS,26-OCT-2020,Sep 2020,1.67,1.88,0.21,12.5
LSTR,21-OCT-2020,Sep 2020,1.43,1.61,0.18,12.5
NUAN,18-NOV-2020,Sep 2020,0.16,0.18,0.02,12.5
NVT,30-OCT-2020,Sep 2020,0.4,0.45,0.05,12.5
PAYX,06-OCT-2020,Aug 2020,0.56,0.63,0.07,12.5
AWI,27-OCT-2020,Sep 2020,0.95,1.07,0.12,12.6
WMT,17-NOV-2020,Oct 2020,1.19,1.34,0.15,12.6
CASY,07-DEC-2020,Oct 2020,2.66,3,0.34,12.7
HUBB,27-OCT-2020,Sep 2020,2.04,2.3,0.26,12.7
LII,19-OCT-2020,Sep 2020,3.13,3.53,0.4,12.7
CL,30-OCT-2020,Sep 2020,0.7,0.79,0.09,12.8
FTNT,29-OCT-2020,Sep 2020,0.78,0.88,0.1,12.8
EAF,03-NOV-2020,Sep 2020,0.31,0.35,0.04,12.9
ETSY,28-OCT-2020,Sep 2020,0.62,0.7,0.08,12.9
FNB,19-OCT-2020,Sep 2020,0.23,0.26,0.03,13
IOVA,05-NOV-2020,Sep 2020,-0.46,-0.4,0.06,13
OLN,04-NOV-2020,Sep 2020,-0.23,-0.2,0.03,13
WAT,27-OCT-2020,Sep 2020,1.91,2.16,0.25,13
CTLT,03-NOV-2020,Sep 2020,0.38,0.43,0.05,13.1
GLW,27-OCT-2020,Sep 2020,0.38,0.43,0.05,13.1
CMS,29-OCT-2020,Sep 2020,0.68,0.77,0.09,13.2
NVDA,18-NOV-2020,Oct 2020,2.57,2.91,0.34,13.2
ODFL,27-OCT-2020,Sep 2020,1.51,1.71,0.2,13.2
SLG,21-OCT-2020,Sep 2020,1.59,1.8,0.21,13.2
EW,21-OCT-2020,Sep 2020,0.45,0.51,0.06,13.3
FDS,24-SEP-2020,Aug 2020,2.54,2.88,0.34,13.3
ROL,28-OCT-2020,Sep 2020,0.15,0.17,0.02,13.3
MSM,27-OCT-2020,Aug 2020,0.96,1.09,0.13,13.5
QRVO,04-NOV-2020,Sep 2020,2.14,2.43,0.29,13.5
CREE,28-OCT-2020,Sep 2020,-0.22,-0.19,0.03,13.6
FLS,05-NOV-2020,Sep 2020,0.44,0.5,0.06,13.6
BAX,29-OCT-2020,Sep 2020,0.73,0.83,0.1,13.7
AMD,27-OCT-2020,Sep 2020,0.36,0.41,0.05,13.8
PYPL,02-NOV-2020,Sep 2020,0.94,1.07,0.13,13.8
WST,22-OCT-2020,Sep 2020,1.01,1.15,0.14,13.8
PG,20-OCT-2020,Sep 2020,1.43,1.63,0.2,13.9
PINC,02-NOV-2020,Sep 2020,0.5,0.57,0.07,14
SCCO,26-OCT-2020,Sep 2020,0.57,0.65,0.08,14
VLO,22-OCT-2020,Sep 2020,-1.35,-1.16,0.19,14
TXN,20-OCT-2020,Sep 2020,1.27,1.45,0.18,14.1
ARES,28-OCT-2020,Sep 2020,0.42,0.48,0.06,14.2
AVTR,27-OCT-2020,Sep 2020,0.21,0.24,0.03,14.2
DD,29-OCT-2020,Sep 2020,0.77,0.88,0.11,14.2
EXPD,03-NOV-2020,Sep 2020,0.98,1.12,0.14,14.2
FLIR,30-OCT-2020,Sep 2020,0.56,0.64,0.08,14.2
LEG,02-NOV-2020,Sep 2020,0.7,0.8,0.1,14.2
AMG,26-OCT-2020,Sep 2020,2.86,3.27,0.41,14.3
CPRT,18-NOV-2020,Oct 2020,0.69,0.79,0.1,14.4
CNA,02-NOV-2020,Sep 2020,0.62,0.71,0.09,14.5
CDNS,19-OCT-2020,Sep 2020,0.61,0.7,0.09,14.7
VEEV,01-DEC-2020,Oct 2020,0.68,0.78,0.1,14.7
DGX,22-OCT-2020,Sep 2020,3.75,4.31,0.56,14.9
GIS,23-SEP-2020,Aug 2020,0.87,1,0.13,14.9
MCD,09-NOV-2020,Sep 2020,1.93,2.22,0.29,15
PRAH,04-NOV-2020,Sep 2020,1.13,1.3,0.17,15
LPLA,29-OCT-2020,Sep 2020,1.25,1.44,0.19,15.2
CE,25-OCT-2020,Sep 2020,1.69,1.95,0.26,15.3
GILD,28-OCT-2020,Sep 2020,1.83,2.11,0.28,15.3
ITT,30-OCT-2020,Sep 2020,0.71,0.82,0.11,15.4
LYB,30-OCT-2020,Sep 2020,1.1,1.27,0.17,15.4
PKG,26-OCT-2020,Sep 2020,1.36,1.57,0.21,15.4
BLL,05-NOV-2020,Sep 2020,0.77,0.89,0.12,15.5
SYNH,29-OCT-2020,Sep 2020,0.9,1.04,0.14,15.5
PCAR,20-OCT-2020,Sep 2020,0.96,1.11,0.15,15.6
REGN,05-NOV-2020,Sep 2020,7.23,8.36,1.13,15.6
EMR,03-NOV-2020,Sep 2020,0.95,1.1,0.15,15.7
LEA,30-OCT-2020,Sep 2020,3.22,3.73,0.51,15.8
EIX,27-OCT-2020,Sep 2020,1.44,1.67,0.23,15.9
VNT,29-OCT-2020,Sep 2020,0.69,0.8,0.11,15.9
ZBRA,03-NOV-2020,Sep 2020,2.82,3.27,0.45,15.9
ABMD,29-OCT-2020,Sep 2020,0.87,1.01,0.14,16
ACGL,29-OCT-2020,Sep 2020,0.25,0.29,0.04,16
DG,03-DEC-2020,Oct 2020,1.99,2.31,0.32,16
FLO,05-NOV-2020,Sep 2020,0.25,0.29,0.04,16
VMW,24-NOV-2020,Oct 2020,1.43,1.66,0.23,16
EFX,21-OCT-2020,Sep 2020,1.61,1.87,0.26,16.1
VRM,11-NOV-2020,Sep 2020,-0.37,-0.31,0.06,16.2
THS,05-NOV-2020,Sep 2020,0.61,0.71,0.1,16.3
VMI,21-OCT-2020,Sep 2020,1.71,1.99,0.28,16.3
SAM,22-OCT-2020,Sep 2020,5.24,6.1,0.86,16.4
AMGN,28-OCT-2020,Sep 2020,3.75,4.37,0.62,16.5
CACI,28-OCT-2020,Sep 2020,3.15,3.67,0.52,16.5
CAT,27-OCT-2020,Sep 2020,1.15,1.34,0.19,16.5
FRC,13-OCT-2020,Sep 2020,1.38,1.61,0.23,16.6
HBI,05-NOV-2020,Sep 2020,0.36,0.42,0.06,16.6
IEX,27-OCT-2020,Sep 2020,1.2,1.4,0.2,16.6
MTD,05-NOV-2020,Sep 2020,6.02,7.02,1,16.6
SWI,27-OCT-2020,Sep 2020,0.24,0.28,0.04,16.6
PRI,04-NOV-2020,Sep 2020,2.38,2.78,0.4,16.8
BBY,24-NOV-2020,Oct 2020,1.76,2.06,0.3,17
GNTX,23-OCT-2020,Sep 2020,0.41,0.48,0.07,17
KEY,21-OCT-2020,Sep 2020,0.35,0.41,0.06,17.1
CBT,23-NOV-2020,Sep 2020,0.58,0.68,0.1,17.2
BWA,29-OCT-2020,Sep 2020,0.75,0.88,0.13,17.3
CRI,23-OCT-2020,Sep 2020,1.67,1.96,0.29,17.3
LMND,10-NOV-2020,Sep 2020,-0.69,-0.57,0.12,17.3
TSCO,22-OCT-2020,Sep 2020,1.38,1.62,0.24,17.3
NOW,28-OCT-2020,Sep 2020,1.03,1.21,0.18,17.4
RKT,10-NOV-2020,Sep 2020,1.03,1.21,0.18,17.4
ZION,19-OCT-2020,Sep 2020,0.86,1.01,0.15,17.4
LDOS,02-NOV-2020,Sep 2020,1.25,1.47,0.22,17.6
NFG,05-NOV-2020,Sep 2020,0.34,0.4,0.06,17.6
UNH,14-OCT-2020,Sep 2020,2.98,3.51,0.53,17.7
BWXT,02-NOV-2020,Sep 2020,0.67,0.79,0.12,17.9
BLK,13-OCT-2020,Sep 2020,7.81,9.22,1.41,18
GPK,20-OCT-2020,Sep 2020,0.22,0.26,0.04,18.1
RP,05-NOV-2020,Sep 2020,0.44,0.52,0.08,18.1
TMX,05-NOV-2020,Sep 2020,0.22,0.26,0.04,18.1
VRSN,22-OCT-2020,Sep 2020,1.26,1.49,0.23,18.2
FNF,04-NOV-2020,Sep 2020,1.25,1.48,0.23,18.4
LUV,22-OCT-2020,Sep 2020,-2.44,-1.99,0.45,18.4
STL,21-OCT-2020,Sep 2020,0.38,0.45,0.07,18.4
OKE,27-OCT-2020,Sep 2020,0.59,0.7,0.11,18.6
SPR,03-NOV-2020,Sep 2020,-1.65,-1.34,0.31,18.7
CDK,02-NOV-2020,Sep 2020,0.69,0.82,0.13,18.8
GNRC,28-OCT-2020,Sep 2020,1.75,2.08,0.33,18.8
NUE,22-OCT-2020,Sep 2020,0.53,0.63,0.1,18.8
MSFT,27-OCT-2020,Sep 2020,1.53,1.82,0.29,18.9
ATR,29-OCT-2020,Sep 2020,0.84,1,0.16,19
IDXX,29-OCT-2020,Sep 2020,1.42,1.69,0.27,19
RPM,07-OCT-2020,Aug 2020,1.21,1.44,0.23,19
DISCA,05-NOV-2020,Sep 2020,0.68,0.81,0.13,19.1
EWBC,22-OCT-2020,Sep 2020,0.94,1.12,0.18,19.1
WFC,14-OCT-2020,Sep 2020,0.47,0.56,0.09,19.1
HPQ,24-NOV-2020,Oct 2020,0.52,0.62,0.1,19.2
XYL,29-OCT-2020,Sep 2020,0.52,0.62,0.1,19.2
PRU,03-NOV-2020,Sep 2020,2.69,3.21,0.52,19.3
SRCL,05-NOV-2020,Sep 2020,0.57,0.68,0.11,19.3
STE,02-NOV-2020,Sep 2020,1.24,1.48,0.24,19.3
EXC,03-NOV-2020,Sep 2020,0.87,1.04,0.17,19.5
AYI,08-OCT-2020,Aug 2020,1.96,2.35,0.39,19.9
AJG,29-OCT-2020,Sep 2020,0.9,1.08,0.18,20
BLI,12-NOV-2020,Sep 2020,-0.2,-0.16,0.04,20
KKR,30-OCT-2020,Sep 2020,0.4,0.48,0.08,20
WH,28-OCT-2020,Sep 2020,0.3,0.36,0.06,20
COHR,10-NOV-2020,Sep 2020,0.84,1.01,0.17,20.2
MSCI,27-OCT-2020,Sep 2020,1.83,2.2,0.37,20.2
WDC,28-OCT-2020,Sep 2020,0.54,0.65,0.11,20.3
RSG,05-NOV-2020,Sep 2020,0.83,1,0.17,20.4
PHM,22-OCT-2020,Sep 2020,1.11,1.34,0.23,20.7
DLTR,24-NOV-2020,Oct 2020,1.15,1.39,0.24,20.8
DVA,29-OCT-2020,Sep 2020,1.49,1.8,0.31,20.8
FCX,22-OCT-2020,Sep 2020,0.24,0.29,0.05,20.8
MRK,27-OCT-2020,Sep 2020,1.44,1.74,0.3,20.8
RTX,27-OCT-2020,Sep 2020,0.48,0.58,0.1,20.8
CW,28-OCT-2020,Sep 2020,1.53,1.85,0.32,20.9
PANW,16-NOV-2020,Oct 2020,1.34,1.62,0.28,20.9
LITE,02-NOV-2020,Sep 2020,1.47,1.78,0.31,21
MUR,05-NOV-2020,Sep 2020,-0.19,-0.15,0.04,21
NATI,29-OCT-2020,Sep 2020,0.19,0.23,0.04,21
OTIS,26-OCT-2020,Sep 2020,0.57,0.69,0.12,21
WU,29-OCT-2020,Sep 2020,0.47,0.57,0.1,21.2
PBCT,22-OCT-2020,Sep 2020,0.28,0.34,0.06,21.4
SWKS,02-NOV-2020,Sep 2020,1.52,1.85,0.33,21.7
CHE,29-OCT-2020,Sep 2020,3.99,4.86,0.87,21.8
QCOM,04-NOV-2020,Sep 2020,1.19,1.45,0.26,21.8
CDW,02-NOV-2020,Sep 2020,1.5,1.83,0.33,22
TFX,29-OCT-2020,Sep 2020,2.27,2.77,0.5,22
DOV,20-OCT-2020,Sep 2020,1.31,1.6,0.29,22.1
KO,22-OCT-2020,Sep 2020,0.45,0.55,0.1,22.2
RS,22-OCT-2020,Sep 2020,1.53,1.87,0.34,22.2
ST,27-OCT-2020,Sep 2020,0.54,0.66,0.12,22.2
SEE,28-OCT-2020,Sep 2020,0.67,0.82,0.15,22.3
CCK,19-OCT-2020,Sep 2020,1.6,1.96,0.36,22.5
GDDY,04-NOV-2020,Sep 2020,0.31,0.38,0.07,22.5
UPS,28-OCT-2020,Sep 2020,1.86,2.28,0.42,22.5
CAG,01-OCT-2020,Aug 2020,0.57,0.7,0.13,22.8
MCO,29-OCT-2020,Sep 2020,2.19,2.69,0.5,22.8
NTNX,23-NOV-2020,Oct 2020,-0.57,-0.44,0.13,22.8
NLY,28-OCT-2020,Sep 2020,0.26,0.32,0.06,23
SLB,16-OCT-2020,Sep 2020,0.13,0.16,0.03,23
STNE,29-OCT-2020,Sep 2020,0.13,0.16,0.03,23
TTC,16-DEC-2020,Oct 2020,0.52,0.64,0.12,23
VRT,04-NOV-2020,Sep 2020,0.26,0.32,0.06,23
ACHC,29-OCT-2020,Sep 2020,0.55,0.68,0.13,23.6
HLF,05-NOV-2020,Sep 2020,0.93,1.15,0.22,23.6
ZTS,05-NOV-2020,Sep 2020,0.89,1.1,0.21,23.6
NKTR,05-NOV-2020,Sep 2020,-0.8,-0.61,0.19,23.7
BRO,26-OCT-2020,Sep 2020,0.42,0.52,0.1,23.8
CVS,06-NOV-2020,Sep 2020,1.34,1.66,0.32,23.8
AVY,21-OCT-2020,Sep 2020,1.54,1.91,0.37,24
HAE,04-NOV-2020,Sep 2020,0.5,0.62,0.12,24
HFC,05-NOV-2020,Sep 2020,-0.54,-0.41,0.13,24
MCK,03-NOV-2020,Sep 2020,3.87,4.8,0.93,24
AFL,27-OCT-2020,Sep 2020,1.12,1.39,0.27,24.1
MXIM,27-OCT-2020,Sep 2020,0.58,0.72,0.14,24.1
TKR,29-OCT-2020,Sep 2020,0.91,1.13,0.22,24.1
JPM,13-OCT-2020,Sep 2020,2.35,2.92,0.57,24.2
KEX,29-OCT-2020,Sep 2020,0.37,0.46,0.09,24.3
AOS,29-OCT-2020,Sep 2020,0.53,0.66,0.13,24.5
URI,28-OCT-2020,Sep 2020,4.33,5.4,1.07,24.7
APH,21-OCT-2020,Sep 2020,0.44,0.55,0.11,25
AZO,22-SEP-2020,Aug 2020,24.74,30.93,6.19,25
ENPH,27-OCT-2020,Sep 2020,0.24,0.3,0.06,25
PAYC,04-NOV-2020,Sep 2020,0.56,0.7,0.14,25
SWCH,05-NOV-2020,Sep 2020,0.04,0.05,0.01,25
ALXN,29-OCT-2020,Sep 2020,2.59,3.24,0.65,25.1
MLM,29-OCT-2020,Sep 2020,3.76,4.71,0.95,25.2
ADM,29-OCT-2020,Sep 2020,0.71,0.89,0.18,25.3
ARW,29-OCT-2020,Sep 2020,1.66,2.08,0.42,25.3
ASH,10-NOV-2020,Sep 2020,0.79,0.99,0.2,25.3
J,24-NOV-2020,Sep 2020,1.3,1.63,0.33,25.3
KNX,21-OCT-2020,Sep 2020,0.63,0.79,0.16,25.4
TECH,05-NOV-2020,Sep 2020,1.14,1.43,0.29,25.4
DHR,22-OCT-2020,Sep 2020,1.37,1.72,0.35,25.5
AZEK,03-DEC-2020,Sep 2020,0.23,0.29,0.06,26
CFR,29-OCT-2020,Sep 2020,1.19,1.5,0.31,26
TOL,07-DEC-2020,Oct 2020,1.23,1.55,0.32,26
MS,15-OCT-2020,Sep 2020,1.26,1.59,0.33,26.1
PWR,29-OCT-2020,Sep 2020,1.11,1.4,0.29,26.1
ITW,23-OCT-2020,Sep 2020,1.45,1.83,0.38,26.2
QDEL,29-OCT-2020,Sep 2020,4.58,5.78,1.2,26.2
ASB,22-OCT-2020,Sep 2020,0.19,0.24,0.05,26.3
BHF,05-NOV-2020,Sep 2020,3.31,4.19,0.88,26.5
POOL,22-OCT-2020,Sep 2020,2.14,2.71,0.57,26.6
DTE,27-OCT-2020,Sep 2020,2.06,2.61,0.55,26.7
BRKR,02-NOV-2020,Sep 2020,0.33,0.42,0.09,27.2
DHI,10-NOV-2020,Sep 2020,1.76,2.24,0.48,27.2
CMCSA,29-OCT-2020,Sep 2020,0.51,0.65,0.14,27.4
OSK,29-OCT-2020,Sep 2020,1.02,1.3,0.28,27.4
MANH,22-OCT-2020,Sep 2020,0.4,0.51,0.11,27.5
VVV,28-OCT-2020,Sep 2020,0.36,0.46,0.1,27.7
CHTR,30-OCT-2020,Sep 2020,3.05,3.9,0.85,27.8
YUM,29-OCT-2020,Sep 2020,0.79,1.01,0.22,27.8
CHNG,04-NOV-2020,Sep 2020,0.25,0.32,0.07,28
CR,26-OCT-2020,Sep 2020,0.82,1.05,0.23,28
HUN,29-OCT-2020,Sep 2020,0.25,0.32,0.07,28
BERY,19-NOV-2020,Sep 2020,1.24,1.59,0.35,28.2
DISH,06-NOV-2020,Sep 2020,0.67,0.86,0.19,28.3
TT,28-OCT-2020,Sep 2020,1.34,1.72,0.38,28.3
WDAY,19-NOV-2020,Oct 2020,0.67,0.86,0.19,28.3
COG,29-OCT-2020,Sep 2020,0.07,0.09,0.02,28.5
CTAS,23-SEP-2020,Aug 2020,2.16,2.78,0.62,28.7
OC,28-OCT-2020,Sep 2020,1.32,1.7,0.38,28.7
TMO,21-OCT-2020,Sep 2020,4.37,5.63,1.26,28.8
IR,02-NOV-2020,Sep 2020,0.31,0.4,0.09,29
LUMN,04-NOV-2020,Sep 2020,0.31,0.4,0.09,29
CRL,29-OCT-2020,Sep 2020,1.8,2.33,0.53,29.4
EXAS,27-OCT-2020,Sep 2020,-0.51,-0.36,0.15,29.4
RMD,29-OCT-2020,Sep 2020,0.98,1.27,0.29,29.5
HII,05-NOV-2020,Sep 2020,4.18,5.45,1.27,30.3
MTG,04-NOV-2020,Sep 2020,0.33,0.43,0.1,30.3
WLK,03-NOV-2020,Sep 2020,0.46,0.6,0.14,30.4
AIG,05-NOV-2020,Sep 2020,0.62,0.81,0.19,30.6
COMM,05-NOV-2020,Sep 2020,0.39,0.51,0.12,30.7
MDT,24-NOV-2020,Oct 2020,0.78,1.02,0.24,30.7
PII,27-OCT-2020,Sep 2020,2.18,2.85,0.67,30.7
WAL,22-OCT-2020,Sep 2020,1.04,1.36,0.32,30.7
RJF,28-OCT-2020,Sep 2020,1.36,1.78,0.42,30.8
CNC,27-OCT-2020,Sep 2020,0.96,1.26,0.3,31.2
MIDD,05-NOV-2020,Sep 2020,1.02,1.34,0.32,31.3
VFC,16-OCT-2020,Sep 2020,0.51,0.67,0.16,31.3
MAS,28-OCT-2020,Sep 2020,0.79,1.04,0.25,31.6
EQT,22-OCT-2020,Sep 2020,-0.22,-0.15,0.07,31.8
PNFP,20-OCT-2020,Sep 2020,1.1,1.45,0.35,31.8
ZM,30-NOV-2020,Oct 2020,0.75,0.99,0.24,32
IAA,02-NOV-2020,Sep 2020,0.31,0.41,0.1,32.2
BC,29-OCT-2020,Sep 2020,1.36,1.8,0.44,32.3
DLB,12-NOV-2020,Sep 2020,0.34,0.45,0.11,32.3
CAH,05-NOV-2020,Sep 2020,1.14,1.51,0.37,32.4
ILMN,29-OCT-2020,Sep 2020,0.77,1.02,0.25,32.4
QRTEA,04-NOV-2020,Sep 2020,0.43,0.57,0.14,32.5
MDB,08-DEC-2020,Oct 2020,-0.46,-0.31,0.15,32.6
CLR,05-NOV-2020,Sep 2020,-0.24,-0.16,0.08,33.3
LESL,21-DEC-2020,Sep 2020,0.21,0.28,0.07,33.3
LULU,10-DEC-2020,Oct 2020,0.87,1.16,0.29,33.3
WY,30-OCT-2020,Sep 2020,0.39,0.52,0.13,33.3
PH,05-NOV-2020,Sep 2020,2.29,3.07,0.78,34
ATH,03-NOV-2020,Sep 2020,1.14,1.53,0.39,34.2
TPX,29-OCT-2020,Sep 2020,0.55,0.74,0.19,34.5
PNR,20-OCT-2020,Sep 2020,0.52,0.7,0.18,34.6
MSGE,16-NOV-2020,Sep 2020,-4.72,-3.04,1.68,35.5
XOM,30-OCT-2020,Sep 2020,-0.28,-0.18,0.1,35.7
PFPT,29-OCT-2020,Sep 2020,0.39,0.53,0.14,35.9
LAZ,29-OCT-2020,Sep 2020,0.49,0.67,0.18,36.7
DBX,05-NOV-2020,Sep 2020,0.19,0.26,0.07,36.8
HAL,19-OCT-2020,Sep 2020,0.08,0.11,0.03,37.5
CLX,02-NOV-2020,Sep 2020,2.34,3.22,0.88,37.6
TSLA,21-OCT-2020,Sep 2020,0.55,0.76,0.21,38.1
ISRG,15-OCT-2020,Sep 2020,2,2.77,0.77,38.5
C,13-OCT-2020,Sep 2020,1.01,1.4,0.39,38.6
TDC,05-NOV-2020,Sep 2020,0.31,0.43,0.12,38.7
WWD,19-NOV-2020,Sep 2020,0.54,0.75,0.21,38.8
ALLE,22-OCT-2020,Sep 2020,1.2,1.67,0.47,39.1
LECO,27-OCT-2020,Sep 2020,0.79,1.1,0.31,39.2
PTC,28-OCT-2020,Sep 2020,0.56,0.78,0.22,39.2
CARR,29-OCT-2020,Sep 2020,0.48,0.67,0.19,39.5
RBC,28-OCT-2020,Sep 2020,1.24,1.73,0.49,39.5
TRMB,04-NOV-2020,Sep 2020,0.43,0.6,0.17,39.5
FB,29-OCT-2020,Sep 2020,1.94,2.71,0.77,39.6
ALB,04-NOV-2020,Sep 2020,0.78,1.09,0.31,39.7
FND,29-OCT-2020,Sep 2020,0.4,0.56,0.16,40
U,12-NOV-2020,Sep 2020,-0.15,-0.09,0.06,40
BA,28-OCT-2020,Sep 2020,-2.33,-1.39,0.94,40.3
IART,28-OCT-2020,Sep 2020,0.57,0.8,0.23,40.3
GGG,21-OCT-2020,Sep 2020,0.42,0.59,0.17,40.4
LEN,14-SEP-2020,Aug 2020,1.51,2.12,0.61,40.4
THO,08-DEC-2020,Oct 2020,1.46,2.05,0.59,40.4
TTWO,05-NOV-2020,Sep 2020,1.45,2.04,0.59,40.6
MHK,29-OCT-2020,Sep 2020,2.31,3.26,0.95,41.1
UHS,29-OCT-2020,Sep 2020,2.04,2.88,0.84,41.1
TRIP,05-NOV-2020,Sep 2020,-0.29,-0.17,0.12,41.3
CRUS,02-NOV-2020,Sep 2020,0.89,1.26,0.37,41.5
CHGG,26-OCT-2020,Sep 2020,0.12,0.17,0.05,41.6
AGNC,26-OCT-2020,Sep 2020,0.57,0.81,0.24,42.1
ON,31-OCT-2020,Sep 2020,0.19,0.27,0.08,42.1
MASI,27-OCT-2020,Sep 2020,0.56,0.8,0.24,42.8
MPC,02-NOV-2020,Sep 2020,-1.75,-1,0.75,42.8
RGEN,05-NOV-2020,Sep 2020,0.28,0.4,0.12,42.8
APTV,29-OCT-2020,Sep 2020,0.79,1.13,0.34,43
HSIC,02-NOV-2020,Sep 2020,0.72,1.03,0.31,43
IPG,21-OCT-2020,Sep 2020,0.37,0.53,0.16,43.2
YUMC,28-OCT-2020,Sep 2020,0.46,0.66,0.2,43.4
FICO,10-NOV-2020,Sep 2020,2.26,3.25,0.99,43.8
GOOG,29-OCT-2020,Sep 2020,11.4,16.4,5,43.8
GOOGL,29-OCT-2020,Sep 2020,11.4,16.4,5,43.8
FITB,22-OCT-2020,Sep 2020,0.59,0.85,0.26,44
RF,20-OCT-2020,Sep 2020,0.34,0.49,0.15,44.1
SNX,29-SEP-2020,Aug 2020,2.31,3.33,1.02,44.1
LKQ,29-OCT-2020,Sep 2020,0.52,0.75,0.23,44.2
SPB,13-NOV-2020,Sep 2020,1.19,1.72,0.53,44.5
BIGC,05-NOV-2020,Sep 2020,-0.29,-0.16,0.13,44.8
IPGP,30-OCT-2020,Sep 2020,0.89,1.29,0.4,44.9
BOKF,21-OCT-2020,Sep 2020,1.51,2.19,0.68,45
ADP,28-OCT-2020,Sep 2020,0.97,1.41,0.44,45.3
SMAR,07-DEC-2020,Oct 2020,-0.22,-0.12,0.1,45.4
FOXA,03-NOV-2020,Sep 2020,0.81,1.18,0.37,45.6
NTAP,01-DEC-2020,Oct 2020,0.72,1.05,0.33,45.8
AN,21-OCT-2020,Sep 2020,1.63,2.38,0.75,46
DELL,24-NOV-2020,Oct 2020,1.39,2.03,0.64,46
NYT,05-NOV-2020,Sep 2020,0.15,0.22,0.07,46.6
CC,03-NOV-2020,Sep 2020,0.32,0.47,0.15,46.8
DXCM,27-OCT-2020,Sep 2020,0.64,0.94,0.3,46.8
PKI,28-OCT-2020,Sep 2020,1.42,2.09,0.67,47.1
OZK,22-OCT-2020,Sep 2020,0.57,0.84,0.27,47.3
SEDG,02-NOV-2020,Sep 2020,0.82,1.21,0.39,47.5
HST,04-NOV-2020,Sep 2020,-0.21,-0.11,0.1,47.6
ALSN,28-OCT-2020,Sep 2020,0.46,0.68,0.22,47.8
ATUS,29-OCT-2020,Sep 2020,0.23,0.34,0.11,47.8
UNVR,04-NOV-2020,Sep 2020,0.23,0.34,0.11,47.8
IP,29-OCT-2020,Sep 2020,0.48,0.71,0.23,47.9
BSX,28-OCT-2020,Sep 2020,0.25,0.37,0.12,48
CMI,27-OCT-2020,Sep 2020,2.41,3.57,1.16,48.1
CGNX,28-OCT-2020,Sep 2020,0.33,0.49,0.16,48.4
ICUI,05-NOV-2020,Sep 2020,1.28,1.9,0.62,48.4
JBL,24-SEP-2020,Aug 2020,0.66,0.98,0.32,48.4
SFM,28-OCT-2020,Sep 2020,0.35,0.52,0.17,48.5
KMPR,02-NOV-2020,Sep 2020,0.91,1.36,0.45,49.4
AIZ,02-NOV-2020,Sep 2020,0.94,1.41,0.47,50
BILL,05-NOV-2020,Sep 2020,-0.08,-0.04,0.04,50
DVN,29-OCT-2020,Sep 2020,-0.08,-0.04,0.04,50
FIVN,29-OCT-2020,Sep 2020,0.18,0.27,0.09,50
HAIN,09-NOV-2020,Sep 2020,0.18,0.27,0.09,50
NCR,27-OCT-2020,Sep 2020,0.36,0.54,0.18,50
PLAN,24-NOV-2020,Oct 2020,-0.1,-0.05,0.05,50
RYN,28-OCT-2020,Sep 2020,0.04,0.06,0.02,50
DFS,21-OCT-2020,Sep 2020,1.63,2.45,0.82,50.3
ORI,22-OCT-2020,Sep 2020,0.41,0.62,0.21,51.2
ADS,29-OCT-2020,Sep 2020,2.28,3.45,1.17,51.3
SKX,29-OCT-2020,Sep 2020,0.35,0.53,0.18,51.4
TXT,29-OCT-2020,Sep 2020,0.35,0.53,0.18,51.4
DOW,22-OCT-2020,Sep 2020,0.33,0.5,0.17,51.5
SNA,22-OCT-2020,Sep 2020,2.16,3.28,1.12,51.8
TDG,12-NOV-2020,Sep 2020,1.9,2.89,0.99,52.1
BURL,24-NOV-2020,Oct 2020,0.19,0.29,0.1,52.6
SYK,29-OCT-2020,Sep 2020,1.4,2.14,0.74,52.8
GTES,03-NOV-2020,Sep 2020,0.17,0.26,0.09,52.9
RL,29-OCT-2020,Sep 2020,0.94,1.44,0.5,53.1
MOH,28-OCT-2020,Sep 2020,2.19,3.36,1.17,53.4
SBUX,29-OCT-2020,Sep 2020,0.33,0.51,0.18,54.5
WTFC,21-OCT-2020,Sep 2020,1.08,1.67,0.59,54.6
SIVB,22-OCT-2020,Sep 2020,5.45,8.47,3.02,55.4
BR,30-OCT-2020,Sep 2020,0.63,0.98,0.35,55.5
TAP,29-OCT-2020,Sep 2020,1.04,1.62,0.58,55.7
GRMN,28-OCT-2020,Sep 2020,1.01,1.58,0.57,56.4
APA,04-NOV-2020,Sep 2020,-0.37,-0.16,0.21,56.7
FEYE,27-OCT-2020,Sep 2020,0.07,0.11,0.04,57.1
TSN,16-NOV-2020,Sep 2020,1.15,1.81,0.66,57.3
OLED,29-OCT-2020,Sep 2020,0.54,0.85,0.31,57.4
UGI,18-NOV-2020,Sep 2020,-0.33,-0.14,0.19,57.5
AFG,28-OCT-2020,Sep 2020,1.55,2.45,0.9,58
GMED,28-OCT-2020,Sep 2020,0.31,0.49,0.18,58
CBSH,20-OCT-2020,Sep 2020,0.67,1.06,0.39,58.2
STAY,09-NOV-2020,Sep 2020,0.12,0.19,0.07,58.3
LH,27-OCT-2020,Sep 2020,5.29,8.41,3.12,58.9
UTHR,28-OCT-2020,Sep 2020,2.41,3.84,1.43,59.3
EL,02-NOV-2020,Sep 2020,0.9,1.44,0.54,60
NET,05-NOV-2020,Sep 2020,-0.05,-0.02,0.03,60
WWE,29-OCT-2020,Sep 2020,0.35,0.56,0.21,60
TDOC,28-OCT-2020,Sep 2020,-0.33,-0.13,0.2,60.6
FHB,23-OCT-2020,Sep 2020,0.31,0.5,0.19,61.2
ROST,19-NOV-2020,Oct 2020,0.63,1.02,0.39,61.9
BIO,29-OCT-2020,Sep 2020,1.85,3,1.15,62.1
PNC,14-OCT-2020,Sep 2020,2.09,3.39,1.3,62.2
CMA,20-OCT-2020,Sep 2020,0.87,1.44,0.57,65.5
CBRE,29-OCT-2020,Sep 2020,0.44,0.73,0.29,65.9
DE,25-NOV-2020,Oct 2020,1.44,2.39,0.95,65.9
HIG,29-OCT-2020,Sep 2020,0.88,1.46,0.58,65.9
ALL,04-NOV-2020,Sep 2020,1.77,2.94,1.17,66.1
CVNA,29-OCT-2020,Sep 2020,-0.3,-0.1,0.2,66.6
NCNO,09-DEC-2020,Oct 2020,-0.09,-0.03,0.06,66.6
PTON,05-NOV-2020,Sep 2020,0.12,0.2,0.08,66.6
FANG,02-NOV-2020,Sep 2020,0.37,0.62,0.25,67.5
UMPQ,21-OCT-2020,Sep 2020,0.34,0.57,0.23,67.6
NXST,05-NOV-2020,Sep 2020,2.43,4.08,1.65,67.9
UI,06-NOV-2020,Sep 2020,1.47,2.47,1,68
DXC,05-NOV-2020,Sep 2020,0.38,0.64,0.26,68.4
WSM,19-NOV-2020,Oct 2020,1.52,2.56,1.04,68.4
WHR,21-OCT-2020,Sep 2020,4.1,6.91,2.81,68.5
AMZN,29-OCT-2020,Sep 2020,7.3,12.37,5.07,69.4
HOLX,04-NOV-2020,Sep 2020,1.22,2.07,0.85,69.6
SYY,03-NOV-2020,Sep 2020,0.2,0.34,0.14,70
ZEN,29-OCT-2020,Sep 2020,0.1,0.17,0.07,70
DIS,12-NOV-2020,Sep 2020,-0.68,-0.2,0.48,70.5
ZBH,06-NOV-2020,Sep 2020,1.05,1.81,0.76,72.3
TJX,18-NOV-2020,Oct 2020,0.41,0.71,0.3,73.1
TGT,18-NOV-2020,Oct 2020,1.61,2.79,1.18,73.2
GS,14-OCT-2020,Sep 2020,5.58,9.68,4.1,73.4
ALLY,16-OCT-2020,Sep 2020,0.72,1.25,0.53,73.6
KMX,24-SEP-2020,Aug 2020,1.03,1.79,0.76,73.7
HZNP,02-NOV-2020,Sep 2020,1,1.74,0.74,74
EXPE,04-NOV-2020,Sep 2020,-0.92,-0.22,0.7,76
VICI,28-OCT-2020,Sep 2020,0.42,0.74,0.32,76.1
AMED,28-OCT-2020,Sep 2020,1.27,2.24,0.97,76.3
RGA,05-NOV-2020,Sep 2020,1.98,3.51,1.53,77.2
TRGP,05-NOV-2020,Sep 2020,0.09,0.16,0.07,77.7
IT,03-NOV-2020,Sep 2020,0.51,0.91,0.4,78.4
AXTA,21-OCT-2020,Sep 2020,0.33,0.59,0.26,78.7
DT,28-OCT-2020,Sep 2020,0.1,0.18,0.08,80
BPOP,28-OCT-2020,Sep 2020,1.11,2,0.89,80.1
PAG,22-OCT-2020,Sep 2020,1.59,2.87,1.28,80.5
DOCU,03-DEC-2020,Oct 2020,0.12,0.22,0.1,83.3
SCI,28-OCT-2020,Sep 2020,0.43,0.79,0.36,83.7
ESTC,02-DEC-2020,Oct 2020,-0.2,-0.03,0.17,85
SNV,20-OCT-2020,Sep 2020,0.48,0.89,0.41,85.4
LFUS,28-OCT-2020,Sep 2020,1.15,2.16,1.01,87.8
FDX,15-SEP-2020,Aug 2020,2.59,4.87,2.28,88
NOV,26-OCT-2020,Sep 2020,-0.09,-0.01,0.08,88.8
FIVE,02-DEC-2020,Oct 2020,0.19,0.36,0.17,89.4
MAN,20-OCT-2020,Sep 2020,0.63,1.2,0.57,90.4
OMF,26-OCT-2020,Sep 2020,1.15,2.19,1.04,90.4
NWL,30-OCT-2020,Sep 2020,0.44,0.84,0.4,90.9
GM,05-NOV-2020,Sep 2020,1.47,2.83,1.36,92.5
NKE,22-SEP-2020,Aug 2020,0.48,0.95,0.47,97.9
PSX,30-OCT-2020,Sep 2020,-0.8,-0.01,0.79,98.7
CDAY,05-NOV-2020,Sep 2020,0.06,0.12,0.06,100
NWSA,05-NOV-2020,Sep 2020,0.04,0.08,0.04,100
PPC,28-OCT-2020,Sep 2020,0.33,0.66,0.33,100
XRX,27-OCT-2020,Sep 2020,0.24,0.48,0.24,100
FL,20-NOV-2020,Oct 2020,0.6,1.21,0.61,101.6
KSS,17-NOV-2020,Oct 2020,-0.43,0.01,0.44,102.3
LW,07-OCT-2020,Aug 2020,0.3,0.61,0.31,103.3
BFAM,05-NOV-2020,Sep 2020,-0.46,0.02,0.48,104.3
AGCO,03-NOV-2020,Sep 2020,1.02,2.09,1.07,104.9
FHN,23-OCT-2020,Sep 2020,0.17,0.35,0.18,105.8
SC,28-OCT-2020,Sep 2020,0.75,1.58,0.83,110.6
DKS,24-NOV-2020,Oct 2020,0.94,2.01,1.07,113.8
EEFT,28-OCT-2020,Sep 2020,0.52,1.12,0.6,115.3
HUBS,05-NOV-2020,Sep 2020,0.13,0.28,0.15,115.3
BMRN,05-NOV-2020,Sep 2020,0.25,0.54,0.29,116
GO,10-NOV-2020,Sep 2020,0.23,0.5,0.27,117.3
WORK,01-DEC-2020,Oct 2020,-0.05,0.01,0.06,120
XPO,05-NOV-2020,Sep 2020,0.38,0.84,0.46,121
ACI,20-OCT-2020,Aug 2020,0.27,0.6,0.33,122.2
AVLR,05-NOV-2020,Sep 2020,-0.09,0.02,0.11,122.2
ROKU,05-NOV-2020,Sep 2020,-0.39,0.09,0.48,123
JLL,02-NOV-2020,Sep 2020,1.34,2.99,1.65,123.1
NVCR,29-OCT-2020,Sep 2020,0.04,0.09,0.05,125
TMUS,05-NOV-2020,Sep 2020,0.51,1.17,0.66,129.4
JAMF,12-NOV-2020,Sep 2020,0.03,0.07,0.04,133.3
ZS,02-DEC-2020,Oct 2020,0.06,0.14,0.08,133.3
CRM,01-DEC-2020,Oct 2020,0.74,1.74,1,135.1
CVX,30-OCT-2020,Sep 2020,-0.29,0.11,0.4,137.9
CACC,29-OCT-2020,Sep 2020,5.69,13.56,7.87,138.3
XRAY,05-NOV-2020,Sep 2020,0.28,0.67,0.39,139.2
FSLR,27-OCT-2020,Sep 2020,0.6,1.45,0.85,141.6
SQ,05-NOV-2020,Sep 2020,0.14,0.34,0.2,142.8
XEC,04-NOV-2020,Sep 2020,0.21,0.51,0.3,142.8
EVBG,05-NOV-2020,Sep 2020,-0.11,0.05,0.16,145.4
PEN,28-OCT-2020,Sep 2020,-0.13,0.06,0.19,146.1
ZG,05-NOV-2020,Sep 2020,0.15,0.37,0.22,146.6
INTU,19-NOV-2020,Oct 2020,0.38,0.94,0.56,147.3
MAT,22-OCT-2020,Sep 2020,0.38,0.95,0.57,150
PCTY,05-NOV-2020,Sep 2020,0.15,0.38,0.23,153.3
COF,22-OCT-2020,Sep 2020,1.99,5.05,3.06,153.7
TDS,05-NOV-2020,Sep 2020,0.26,0.66,0.4,153.8
VST,04-NOV-2020,Sep 2020,0.4,1.02,0.62,155
TTD,05-NOV-2020,Sep 2020,0.49,1.27,0.78,159.1
VSAT,05-NOV-2020,Sep 2020,-0.05,0.03,0.08,160
TPR,29-OCT-2020,Sep 2020,0.22,0.58,0.36,163.6
DCT,20-OCT-2020,Aug 2020,-0.03,0.02,0.05,166.6
HLT,04-NOV-2020,Sep 2020,-0.09,0.06,0.15,166.6
EOG,05-NOV-2020,Sep 2020,0.16,0.43,0.27,168.7
TWLO,26-OCT-2020,Sep 2020,-0.05,0.04,0.09,180
PODD,04-NOV-2020,Sep 2020,0.06,0.17,0.11,183.3
W,03-NOV-2020,Sep 2020,0.81,2.3,1.49,183.9
MAR,06-NOV-2020,Sep 2020,-0.07,0.06,0.13,185.7
F,28-OCT-2020,Sep 2020,0.22,0.65,0.43,195.4
Y,03-NOV-2020,Sep 2020,-3.37,3.23,6.6,195.8
UHAL,04-NOV-2020,Sep 2020,4.58,13.58,9,196.5
AVT,28-OCT-2020,Sep 2020,0.12,0.36,0.24,200
EVR,21-OCT-2020,Sep 2020,0.37,1.11,0.74,200
GE,28-OCT-2020,Sep 2020,-0.06,0.06,0.12,200
MDLA,03-DEC-2020,Oct 2020,-0.01,0.01,0.02,200
PSTG,24-NOV-2020,Oct 2020,-0.01,0.01,0.02,200
TWTR,29-OCT-2020,Sep 2020,0.06,0.19,0.13,216.6
CLH,04-NOV-2020,Sep 2020,0.28,0.9,0.62,221.4
USM,05-NOV-2020,Sep 2020,0.3,0.97,0.67,223.3
AYX,05-NOV-2020,Sep 2020,0.12,0.39,0.27,225
SLM,21-OCT-2020,Sep 2020,0.14,0.47,0.33,235.7
TRN,21-OCT-2020,Sep 2020,0.05,0.17,0.12,240
HOG,27-OCT-2020,Sep 2020,0.22,0.78,0.56,254.5
COTY,06-NOV-2020,Sep 2020,-0.07,0.11,0.18,257.1
ALGN,21-OCT-2020,Sep 2020,0.59,2.25,1.66,281.3
SATS,05-NOV-2020,Sep 2020,-0.14,0.26,0.4,285.7
JEF,23-SEP-2020,Aug 2020,0.27,1.07,0.8,296.3
GRUB,28-OCT-2020,Sep 2020,-0.07,0.16,0.23,328.5
COUP,07-DEC-2020,Oct 2020,0.04,0.18,0.14,350
NI,02-NOV-2020,Sep 2020,0.02,0.09,0.07,350
BDN,21-OCT-2020,Sep 2020,0.35,1.6,1.25,357.1
R,28-OCT-2020,Sep 2020,-0.43,1.21,1.64,381.4
GWRE,08-DEC-2020,Oct 2020,-0.06,0.17,0.23,383.3
DDOG,10-NOV-2020,Sep 2020,0.01,0.05,0.04,400
NVST,29-OCT-2020,Sep 2020,0.09,0.48,0.39,433.3
MKL,27-OCT-2020,Sep 2020,0.81,4.41,3.6,444.4
PVH,02-DEC-2020,Oct 2020,0.24,1.32,1.08,450
OKTA,02-DEC-2020,Oct 2020,-0.01,0.04,0.05,500
UAA,30-OCT-2020,Sep 2020,0.04,0.26,0.22,550
HHC,05-NOV-2020,Sep 2020,-0.52,2.7,3.22,619.2
DRI,24-SEP-2020,Aug 2020,0.05,0.56,0.51,1020
BG,28-OCT-2020,Sep 2020,0.2,2.47,2.27,1135
CPRI,05-NOV-2020,Sep 2020,0.07,0.9,0.83,1185.7
PINS,28-OCT-2020,Sep 2020,0.01,0.13,0.12,1200
EA,05-NOV-2020,Sep 2020,0.02,0.29,0.27,1350
LB,18-NOV-2020,Oct 2020,0.06,1.13,1.07,1783.3
JWN,24-NOV-2020,Oct 2020,0.01,0.22,0.21,2100
ALKS,29-OCT-2020,Sep 2020,-0.01,0.26,0.27,2700
SGEN,29-OCT-2020,Sep 2020,-0.08,3.5,3.58,4475
